{
  "project_info": {
    "project_number": "336677108739",
    "project_id": "jcfirebase-13d0b",
    "storage_bucket": "jcfirebase-13d0b.appspot.com"
  },
  "client": [
    {
      "client_info": {
        "mobilesdk_app_id": "1:336677108739:android:8f1804651e7a1b69a3e236",
        "android_client_info": {
          "package_name": "com.JClavel.firebjose"
        }
      },
      "oauth_client": [
        {
          "client_id": "336677108739-tns1e60334jihs50mid2e27phgkrieep.apps.googleusercontent.com",
          "client_type": 1,
          "android_info": {
            "package_name": "com.JClavel.firebjose",
            "certificate_hash": "6cb28d487d03884979218a2c5dc0fe154024a63d"
          }
        },
        {
          "client_id": "336677108739-0hb63l2pdrj3k2cstqf2lvk5vao6crio.apps.googleusercontent.com",
          "client_type": 3
        }
      ],
      "api_key": [
        {
          "current_key": "AIzaSyCnm-0Vb3X_zWaAZotQSKfY7Qo8zZg8tuk"
        }
      ],
      "services": {
        "appinvite_service": {
          "other_platform_oauth_client": [
            {
              "client_id": "336677108739-0hb63l2pdrj3k2cstqf2lvk5vao6crio.apps.googleusercontent.com",
              "client_type": 3
            }
          ]
        }
      }
    }
  ],
  "configuration_version": "1"
}